{"cameraMode":{"drawMode":0,"name":"Shaded","section":"Shading Mode"},"sceneLighting":true,"audioPlay":false,"sceneViewState":{"m_AlwaysRefresh":false,"showFog":true,"showSkybox":true,"showFlares":true,"showImageEffects":true,"showParticleSystems":true,"showVisualEffectGraphs":true,"m_FxEnabled":true},"in2DMode":false,"pivot":{"x":385.54852294921877,"y":235.13023376464845,"z":4.05621337890625},"rotation":{"x":0.14621683955192567,"y":-0.09616852551698685,"z":0.012624960392713547,"w":0.9845725893974304},"size":392.8127746582031,"orthographic":false}